{"cameraMode":{"drawMode":0,"name":"Shaded","section":"Shading Mode"},"sceneLighting":true,"audioPlay":false,"sceneViewState":{"showFog":true,"showMaterialUpdate":false,"showSkybox":true,"showFlares":true,"showImageEffects":true,"showParticleSystems":true},"in2DMode":false,"pivot":{"x":221.06100463867188,"y":3.0135536193847658,"z":20.309326171875},"rotation":{"x":-0.031798843294382098,"y":0.018587207421660425,"z":-0.0005912627675570548,"w":-0.9993214011192322},"size":1435.3316650390625,"orthographic":false}