{"cameraMode":{"drawMode":0,"name":"Shaded","section":"Shading Mode"},"sceneLighting":true,"audioPlay":false,"sceneViewState":{"showFog":true,"showMaterialUpdate":false,"showSkybox":true,"showFlares":true,"showImageEffects":true,"showParticleSystems":true},"in2DMode":false,"pivot":{"x":0.8029187917709351,"y":-0.030158579349517823,"z":0.028402328491210939},"rotation":{"x":-0.031798843294382098,"y":0.018587207421660425,"z":-0.0005912627675570548,"w":-0.9993214011192322},"size":19.86429786682129,"orthographic":false}